{
  "IcoMoonType": "selection",
  "icons": [
    {
      "icon": {
        "paths": [
          "M456.499 511.027h-133.632v492.493h-202.496v-492.544h-96.256v-173.056h96.256v-111.923c0-80.128 37.888-205.517 204.288-205.517l150.016 0.614v167.987h-108.851c-17.818 0-42.957 9.011-42.957 47.206v101.888h151.347l-17.715 172.8z"
        ],
        "attrs": [
          {
            "fill": "rgb(255, 255, 255)"
          }
        ],
        "width": 512,
        "isMulticolor": false,
        "isMulticolor2": false,
        "grid": 0,
        "tags": [
          "fb (1)"
        ]
      },
      "attrs": [
        {
          "fill": "rgb(255, 255, 255)"
        }
      ],
      "properties": {
        "order": 8,
        "id": 2,
        "name": "fb-1",
        "prevSize": 32
      },
      "setIdx": 0,
      "setId": 1,
      "iconIdx": 0
    },
    {
      "icon": {
        "paths": [
          "M512 30.106c-264.704 0-481.894 217.242-481.894 481.894 0 225.894 158.515 431.053 368.947 481.894v-159.437c-20.838 4.608-40.038 4.71-61.286-1.536-28.467-8.448-51.61-27.392-68.762-56.32-10.957-18.432-30.362-38.502-50.586-37.018l-4.966-56.269c43.776-3.738 81.613 26.675 104.090 64.461 9.984 16.794 21.504 26.624 36.25 30.976 14.234 4.198 29.542 2.202 47.411-4.096 4.454-35.738 20.838-49.152 33.178-67.942-125.491-18.739-175.514-85.35-195.379-137.882-26.317-69.786-12.186-156.979 34.304-212.070 0.922-1.024 2.56-3.891 1.946-5.837-21.35-64.461 4.608-117.76 5.632-123.392 24.576 7.27 28.57-7.322 106.906 40.243l13.517 8.141c5.632 3.379 3.891 1.434 9.574 1.024 30.185-8.527 64.934-13.687 100.802-14.23l0.318-0.004c36.692 0.568 71.91 5.858 105.395 15.288l-2.892-0.696 4.403 0.461c-0.41-0.051 1.178-0.307 3.84-1.894 97.792-59.238 94.31-39.885 120.525-48.384 0.973 5.632 26.624 59.802 5.478 123.392-2.816 8.806 84.838 89.088 36.25 217.958-19.866 52.582-69.888 119.142-195.379 137.882 16.077 24.576 35.43 37.581 35.328 88.166v199.014c210.432-50.842 368.947-256 368.947-481.894 0-264.704-217.19-481.894-481.894-481.894z"
        ],
        "attrs": [
          {
            "fill": "rgb(255, 255, 255)"
          }
        ],
        "isMulticolor": false,
        "isMulticolor2": false,
        "grid": 0,
        "tags": [
          "github (1)"
        ]
      },
      "attrs": [
        {
          "fill": "rgb(255, 255, 255)"
        }
      ],
      "properties": {
        "order": 7,
        "id": 1,
        "name": "github-1",
        "prevSize": 32
      },
      "setIdx": 0,
      "setId": 1,
      "iconIdx": 1
    },
    {
      "icon": {
        "paths": [
          "M518.592 664l-20.352 266.88c29.056 0 41.664-11.712 56.768-25.664l136.32-121.6 282.56 193.088c51.84 26.88 88.32 12.736 102.272-44.48l185.472-811.072h0.064c16.448-71.552-27.712-99.456-78.208-81.92l-1090.048 389.504c-74.368 26.88-73.28 65.664-12.672 83.2l278.72 80.896 647.36-378.048c30.464-18.816 58.112-8.448 35.328 10.432l-523.584 438.784z"
        ],
        "attrs": [
          {
            "fill": "rgb(255, 255, 255)"
          }
        ],
        "width": 1280,
        "isMulticolor": false,
        "isMulticolor2": false,
        "grid": 0,
        "tags": [
          "telegram (1)"
        ]
      },
      "attrs": [
        {
          "fill": "rgb(255, 255, 255)"
        }
      ],
      "properties": {
        "order": 6,
        "id": 0,
        "name": "telegram-1",
        "prevSize": 32
      },
      "setIdx": 0,
      "setId": 1,
      "iconIdx": 2
    }
  ],
  "height": 1024,
  "preferences": {
    "showGlyphs": true,
    "showCodes": true,
    "showQuickUse": true,
    "showQuickUse2": true,
    "showSVGs": true,
    "fontPref": {
      "prefix": "icon-",
      "metadata": {},
      "metrics": {
        "emSize": 1024,
        "baseline": 6.25,
        "whitespace": 50
      }
    },
    "imagePref": {
      "prefix": "icon-",
      "png": false,
      "useClassSelector": true,
      "color": 0,
      "bgColor": 16777215,
      "name": "icomoon",
      "classSelector": ".icon",
      "height": 32,
      "columns": 16,
      "margin": 16
    },
    "historySize": 50
  }
}