{
  "IcoMoonType": "selection",
  "icons": [
    {
      "icon": {
        "paths": [
          "M505.856 365.568c65.536 3.072 82.432 58.88 83.456 84.992h91.648c-4.096-101.376-76.288-163.328-176.64-163.328-113.152 0-197.12 71.168-197.12 231.936 0 99.328 47.616 217.088 196.608 217.088 113.664 0 174.592-84.48 176.128-151.040h-91.648c-1.536 30.208-23.040 70.656-83.456 73.728-67.072-2.048-95.232-54.272-95.232-139.776 0-147.968 65.536-152.576 96.256-153.6zM512 0c-282.624 0-512 229.376-512 512s229.376 512 512 512 512-229.376 512-512-229.376-512-512-512zM512 921.6c-226.099-0.291-409.309-183.501-409.6-409.572l-0-0.028c0-225.792 183.808-409.6 409.6-409.6s409.6 183.808 409.6 409.6-183.808 409.6-409.6 409.6z"
        ],
        "attrs": [
          {
            "fill": "rgb(157, 164, 189)"
          }
        ],
        "isMulticolor": false,
        "isMulticolor2": false,
        "grid": 0,
        "tags": [
          "copyright"
        ]
      },
      "attrs": [
        {
          "fill": "rgb(157, 164, 189)"
        }
      ],
      "properties": {
        "order": 11,
        "id": 3,
        "name": "copyright",
        "prevSize": 32
      },
      "setIdx": 0,
      "setId": 2,
      "iconIdx": 0
    },
    {
      "icon": {
        "paths": [
          "M204.8 213.333h614.4c42.24 0 76.8 33.579 76.8 74.667v448c0 41.045-34.56 74.667-76.8 74.667h-614.4c-42.24 0-76.8-33.621-76.8-74.667v-448c0-41.088 34.56-74.667 76.8-74.667z",
          "M853.333 298.667l-341.333 256-341.333-256"
        ],
        "attrs": [
          {
            "fill": "none",
            "stroke": "rgb(157, 164, 189)",
            "strokeLinejoin": "round",
            "strokeLinecap": "round",
            "strokeMiterlimit": "4",
            "strokeWidth": 42.666666666666664
          },
          {
            "fill": "none",
            "stroke": "rgb(157, 164, 189)",
            "strokeLinejoin": "round",
            "strokeLinecap": "round",
            "strokeMiterlimit": "4",
            "strokeWidth": 42.666666666666664
          }
        ],
        "isMulticolor": false,
        "isMulticolor2": false,
        "grid": 0,
        "tags": [
          "mail"
        ]
      },
      "attrs": [
        {
          "fill": "none",
          "stroke": "rgb(157, 164, 189)",
          "strokeLinejoin": "round",
          "strokeLinecap": "round",
          "strokeMiterlimit": "4",
          "strokeWidth": 42.666666666666664
        },
        {
          "fill": "none",
          "stroke": "rgb(157, 164, 189)",
          "strokeLinejoin": "round",
          "strokeLinecap": "round",
          "strokeMiterlimit": "4",
          "strokeWidth": 42.666666666666664
        }
      ],
      "properties": {
        "order": 12,
        "id": 2,
        "name": "mail",
        "prevSize": 32
      },
      "setIdx": 0,
      "setId": 2,
      "iconIdx": 1
    },
    {
      "icon": {
        "paths": [
          "M853.333 442.197c0 244.309-341.333 453.803-341.333 453.803s-341.333-209.493-341.333-453.803c0-173.525 152.832-314.197 341.333-314.197s341.333 140.672 341.333 314.197v0z",
          "M512 597.333c70.692 0 128-57.308 128-128s-57.308-128-128-128v0c-70.692 0-128 57.308-128 128s57.308 128 128 128v0z"
        ],
        "attrs": [
          {
            "fill": "none",
            "stroke": "rgb(157, 164, 189)",
            "strokeLinejoin": "round",
            "strokeLinecap": "round",
            "strokeMiterlimit": "4",
            "strokeWidth": 42.666666666666664
          },
          {
            "fill": "none",
            "stroke": "rgb(157, 164, 189)",
            "strokeLinejoin": "round",
            "strokeLinecap": "round",
            "strokeMiterlimit": "4",
            "strokeWidth": 42.666666666666664
          }
        ],
        "isMulticolor": false,
        "isMulticolor2": false,
        "grid": 0,
        "tags": [
          "map-pin"
        ]
      },
      "attrs": [
        {
          "fill": "none",
          "stroke": "rgb(157, 164, 189)",
          "strokeLinejoin": "round",
          "strokeLinecap": "round",
          "strokeMiterlimit": "4",
          "strokeWidth": 42.666666666666664
        },
        {
          "fill": "none",
          "stroke": "rgb(157, 164, 189)",
          "strokeLinejoin": "round",
          "strokeLinecap": "round",
          "strokeMiterlimit": "4",
          "strokeWidth": 42.666666666666664
        }
      ],
      "properties": {
        "order": 13,
        "id": 1,
        "name": "map-pin",
        "prevSize": 32
      },
      "setIdx": 0,
      "setId": 2,
      "iconIdx": 2
    },
    {
      "icon": {
        "paths": [
          "M853.333 682.795v102.955c0 0.096 0.001 0.209 0.001 0.322 0 37.915-30.736 68.651-68.651 68.651-2.178 0-4.333-0.101-6.46-0.3l0.272 0.021c-111.404-12.415-212.023-50.023-298.811-106.974l2.576 1.587c-83.468-53.583-152.369-122.485-204.355-203.3l-1.597-2.652c-55.561-84.595-93.199-185.714-105.117-294.567l-0.27-3.033c-0.178-1.854-0.279-4.009-0.279-6.187 0-37.908 30.725-68.64 68.63-68.651l102.998-0c0.188-0.002 0.409-0.003 0.631-0.003 34.529 0 63.105 25.492 67.932 58.683l0.044 0.371c4.352 32.939 12.373 65.28 24.021 96.427 9.429 25.088 3.413 53.376-15.445 72.448l-43.605 43.563c49.745 86.405 119.547 156.207 203.299 204.54l2.653 1.412 43.605-43.563c12.401-12.254 29.454-19.823 48.275-19.823 8.669 0 16.963 1.606 24.601 4.536l-0.47-0.159c31.147 11.605 63.488 19.627 96.427 24.021 33.59 4.845 59.114 33.434 59.114 67.985 0 0.594-0.008 1.186-0.023 1.777l0.002-0.087z"
        ],
        "attrs": [
          {
            "fill": "none",
            "stroke": "rgb(157, 164, 189)",
            "strokeLinejoin": "round",
            "strokeLinecap": "round",
            "strokeMiterlimit": "4",
            "strokeWidth": 42.666666666666664
          }
        ],
        "isMulticolor": false,
        "isMulticolor2": false,
        "grid": 0,
        "tags": [
          "phone"
        ]
      },
      "attrs": [
        {
          "fill": "none",
          "stroke": "rgb(157, 164, 189)",
          "strokeLinejoin": "round",
          "strokeLinecap": "round",
          "strokeMiterlimit": "4",
          "strokeWidth": 42.666666666666664
        }
      ],
      "properties": {
        "order": 14,
        "id": 0,
        "name": "phone",
        "prevSize": 32
      },
      "setIdx": 0,
      "setId": 2,
      "iconIdx": 3
    }
  ],
  "height": 1024,
  "preferences": {
    "showGlyphs": true,
    "showQuickUse": true,
    "showQuickUse2": true,
    "showSVGs": true,
    "fontPref": {
      "prefix": "icon-",
      "metadata": {
        "fontFamily": "icomoon"
      },
      "metrics": {
        "emSize": 1024,
        "baseline": 6.25,
        "whitespace": 50
      },
      "embed": false
    },
    "imagePref": {
      "prefix": "icon-",
      "png": true,
      "useClassSelector": true,
      "color": 0,
      "bgColor": 16777215,
      "classSelector": ".icon",
      "name": "icomoon",
      "autoHost": true
    },
    "historySize": 50,
    "showCodes": true,
    "gridSize": 16,
    "quickUsageToken": {
      "UntitledProject": "ZjhhMWNjNDlkMzg3MTc5NWQwY2E4OWE5N2NmMWYwNDUjMSMxNTk2NTcxODkwIyMj"
    }
  }
}