{
  "IcoMoonType": "selection",
  "icons": [
    {
      "icon": {
        "paths": [
          "M967.088 739.715v137.301c0.102 25.771-10.661 50.392-29.656 67.817-18.99 17.425-44.447 26.032-70.116 23.711-140.828-15.303-276.105-63.425-394.958-140.498-110.578-70.269-204.328-164.016-274.594-274.595-77.345-119.393-125.478-255.327-140.5-396.789-2.313-25.589 6.236-50.971 23.558-69.947s41.822-29.798 67.515-29.822h137.297c45.942-0.452 85.101 33.224 91.531 78.717 5.795 43.938 16.542 87.079 32.036 128.601 12.574 33.449 4.531 71.157-20.595 96.565l-58.122 58.123c65.15 114.576 160.018 209.443 274.596 274.592l58.118-58.123c25.412-25.122 63.118-33.166 96.569-20.594 41.523 15.497 84.662 26.243 128.603 32.040 46.017 6.491 79.866 46.438 78.717 92.9z"
        ],
        "attrs": [
          {
            "fill": "none",
            "stroke": "rgb(157, 164, 189)",
            "strokeLinejoin": "round",
            "strokeLinecap": "round",
            "strokeMiterlimit": "4",
            "strokeWidth": 56.888888888888886
          }
        ],
        "isMulticolor": false,
        "isMulticolor2": false,
        "grid": 0,
        "tags": [
          "Shape"
        ]
      },
      "attrs": [
        {
          "fill": "none",
          "stroke": "rgb(157, 164, 189)",
          "strokeLinejoin": "round",
          "strokeLinecap": "round",
          "strokeMiterlimit": "4",
          "strokeWidth": 56.888888888888886
        }
      ],
      "properties": {
        "order": 55,
        "id": 0,
        "name": "Shape",
        "prevSize": 32
      },
      "setIdx": 0,
      "setId": 17,
      "iconIdx": 0
    },
    {
      "icon": {
        "paths": [
          "M61440 0v1024l-61440 0v-1024l61440-0z"
        ],
        "attrs": [
          {}
        ],
        "width": 61440,
        "isMulticolor": false,
        "isMulticolor2": false,
        "grid": 0,
        "tags": [
          "Rectangle 4-2"
        ]
      },
      "attrs": [
        {}
      ],
      "properties": {
        "order": 54,
        "id": 0,
        "name": "Rectangle-4-2",
        "prevSize": 32
      },
      "setIdx": 1,
      "setId": 16,
      "iconIdx": 0
    },
    {
      "icon": {
        "paths": [
          "M0 0h9216v1024h-9216v-1024z"
        ],
        "attrs": [
          {
            "fill": "rgb(255, 255, 255)"
          }
        ],
        "width": 9216,
        "isMulticolor": false,
        "isMulticolor2": false,
        "grid": 0,
        "tags": [
          "Rectangle 1"
        ],
        "colorPermutations": {
          "15716418912552552551": [
            {
              "f": 1
            }
          ]
        }
      },
      "attrs": [
        {
          "fill": "rgb(255, 255, 255)"
        }
      ],
      "properties": {
        "order": 50,
        "id": 3,
        "name": "Rectangle-1",
        "prevSize": 32
      },
      "setIdx": 2,
      "setId": 15,
      "iconIdx": 0
    },
    {
      "icon": {
        "paths": [
          "M0 0h4096v1024h-4096v-1024z"
        ],
        "attrs": [
          {
            "fill": "rgb(157, 164, 189)"
          }
        ],
        "width": 4096,
        "isMulticolor": false,
        "isMulticolor2": false,
        "grid": 0,
        "tags": [
          "Rectangle 2"
        ],
        "colorPermutations": {
          "15716418912552552551": [
            {
              "f": 0
            }
          ]
        }
      },
      "attrs": [
        {
          "fill": "rgb(157, 164, 189)"
        }
      ],
      "properties": {
        "order": 51,
        "id": 2,
        "name": "Rectangle-2",
        "prevSize": 32
      },
      "setIdx": 2,
      "setId": 15,
      "iconIdx": 1
    },
    {
      "icon": {
        "paths": [
          "M0 0h17.067v1024h-17.067v-1024z"
        ],
        "attrs": [
          {}
        ],
        "width": 17,
        "isMulticolor": false,
        "isMulticolor2": false,
        "grid": 0,
        "tags": [
          "Rectangle 4"
        ],
        "colorPermutations": {
          "15716418912552552551": [
            {}
          ]
        }
      },
      "attrs": [
        {}
      ],
      "properties": {
        "order": 52,
        "id": 1,
        "name": "Rectangle-4",
        "prevSize": 32
      },
      "setIdx": 2,
      "setId": 15,
      "iconIdx": 2
    },
    {
      "icon": {
        "paths": [
          "M61440 0v1024l-61440 0v-1024l61440-0z"
        ],
        "attrs": [
          {
            "fill": "rgb(157, 164, 189)",
            "opacity": 0.6
          }
        ],
        "width": 61440,
        "isMulticolor": false,
        "isMulticolor2": false,
        "grid": 0,
        "tags": [
          "Rectangle 5"
        ],
        "colorPermutations": {
          "15716418912552552551": [
            {
              "f": 0
            }
          ]
        }
      },
      "attrs": [
        {
          "fill": "rgb(157, 164, 189)",
          "opacity": 0.6
        }
      ],
      "properties": {
        "order": 53,
        "id": 0,
        "name": "Rectangle-5",
        "prevSize": 32
      },
      "setIdx": 2,
      "setId": 15,
      "iconIdx": 3
    },
    {
      "icon": {
        "paths": [
          "M0 170.667v-170.667h1536v170.667h-1536zM0 597.333h1536v-170.666h-1536v170.666zM0 1024h1536v-170.669h-1536v170.669z"
        ],
        "attrs": [
          {
            "fill": "rgb(255, 255, 255)"
          }
        ],
        "width": 1536,
        "isMulticolor": false,
        "isMulticolor2": false,
        "grid": 0,
        "tags": [
          "menu_24px"
        ]
      },
      "attrs": [
        {
          "fill": "rgb(255, 255, 255)"
        }
      ],
      "properties": {
        "order": 49,
        "id": 0,
        "name": "menu_24px",
        "prevSize": 32
      },
      "setIdx": 3,
      "setId": 14,
      "iconIdx": 0
    },
    {
      "icon": {
        "paths": [
          "M715.886 308.48l-23.954-18.286c-3.743-3.030-8.532-4.462-13.327-3.983-4.793 0.479-9.203 2.831-12.273 6.543l-331.52 380.709 5.12 5.669 82.103-75.703c-2.736-1.101-4.999-3.125-6.398-5.722s-1.843-5.603-1.256-8.492c0.587-2.891 2.167-5.486 4.467-7.331 2.3-1.847 5.175-2.829 8.124-2.776 2.659 0 5.248 0.852 7.387 2.432s3.716 3.803 4.498 6.345l108.251-100.389c1.659-1.335 3.723-2.063 5.851-2.063s4.193 0.728 5.851 2.063l5.486 4.023c1.856 1.331 4.142 1.918 6.409 1.648s4.352-1.381 5.842-3.11l141.531-158.72c1.505-1.574 2.651-3.456 3.365-5.515s0.973-4.246 0.764-6.415c-0.207-2.169-0.88-4.266-1.971-6.151-1.092-1.887-2.575-3.515-4.352-4.776z",
          "M871.68 415.634c-72.549 51.621-153.821 89.717-239.909 112.457-85.44 21.729-172.869 34.717-260.937 38.766 1.774 12.987 4.963 25.741 9.509 38.034 49.737 44.983 424.229-31.817 497.371-120.686 15.543-18.469-6.034-68.571-6.034-68.571zM426.971 603.429c-2.459 0-4.862-0.73-6.908-2.096-2.044-1.366-3.637-3.308-4.579-5.581s-1.187-4.773-0.708-7.184c0.479-2.412 1.664-4.628 3.403-6.367s3.955-2.922 6.367-3.403c2.412-0.479 4.912-0.232 7.184 0.708 2.271 0.942 4.213 2.536 5.579 4.581s2.096 4.449 2.096 6.908c0.026 1.64-0.28 3.268-0.896 4.787s-1.531 2.9-2.69 4.059c-1.159 1.159-2.54 2.075-4.061 2.692-1.52 0.616-3.147 0.92-4.787 0.896z",
          "M73.143 389.301l2.926-12.617 47.543 10.789c3.922 7.245 6.348 15.205 7.131 23.406 0.908 8.688 0.351 17.465-1.646 25.966-2.367 11.8-7.79 22.771-15.726 31.817-7.55 8.541-17.286 14.864-28.16 18.286-11.207 3.456-23.128 3.899-34.56 1.28-11.457-2.474-22.018-8.038-30.537-16.091-8.388-7.735-14.412-17.688-17.371-28.709-3.283-11.968-3.283-24.602 0-36.571 1.965-8.958 5.494-17.499 10.423-25.234 4.665-7.033 10.932-12.862 18.286-17.006l6.583 10.057c-6.303 3.871-11.713 9.033-15.874 15.148s-6.977 13.043-8.263 20.326c-2.268 9.461-2.079 19.343 0.549 28.709 2.457 8.894 7.331 16.933 14.080 23.223 6.937 6.707 15.617 11.332 25.051 13.349 9.149 2.569 18.828 2.569 27.977 0 8.764-2.893 16.636-7.993 22.857-14.811 6.394-7.362 10.8-16.238 12.8-25.783 3.009-11.577 2.24-23.813-2.194-34.926l-41.874-10.606z",
          "M176.64 274.284l-42.606 56.869 18.286 32.731-8.411 11.337-67.657-123.429 7.863-10.789 137.692 29.623-8.594 11.337-36.572-7.68zM164.571 271.358l-73.143-16.457 36.571 65.646 36.571-49.189z",
          "M164.571 156.345l10.971-8.229 69.669 93.257 57.417-42.971 6.949 9.326-68.206 51.017-76.8-102.4z",
          "M279.771 80.093l12.251-5.486 48.274 105.691 65.28-29.623 4.754 10.606-77.531 35.292-53.029-116.48z",
          "M520.777 122.149l2.743 11.52-88.137 20.663-29.257-124.709 85.577-19.931 2.56 11.337-73.143 17.006 10.423 44.251 64.366-15.177 2.743 11.337-64.549 14.994 10.971 46.263 75.703-17.554z",
          "M646.4 126.719l-30.537-40.229c-3.41 0.189-6.83 0.189-10.24 0l-34.377 1.097 1.28 40.594h-13.531l-4.206-128 48.64-0.183c13.753-1.27 27.505 2.427 38.766 10.423 4.747 3.822 8.561 8.671 11.16 14.183 2.597 5.512 3.908 11.542 3.835 17.634 0.534 9.037-1.836 18.007-6.766 25.6-5.253 7.288-12.679 12.728-21.211 15.543l32 42.789-14.811 0.549zM633.6 66.559c3.288-3.011 5.837-6.737 7.455-10.891 1.616-4.153 2.256-8.623 1.871-13.064 0.095-4.464-0.827-8.891-2.697-12.946-1.869-4.055-4.635-7.632-8.091-10.46-8.428-5.715-18.562-8.361-28.709-7.497l-34.743 1.28 2.194 64 34.011-1.097c10.372 0.384 20.544-2.92 28.709-9.326z",
          "M743.131 92.709l-6.583 43.703-13.349-2.011 6.766-42.971-37.851-91.429 14.263 2.194 32.366 77.897 54.857-64.549 12.8 2.743-63.269 74.423z",
          "M923.977 85.027l15.909 20.663-6.949 5.486-15.909-21.211-10.057 23.954-7.68-3.291 10.24-23.954-26.331 3.474v-8.777l25.966-2.926-16.091-20.663 7.131-5.486 14.080 20.846 9.874-24.137 7.863 3.291-9.326 24.503 26.331-3.657v8.96l-25.051 2.926z",
          "M985.051 232.41c-4.317-6.658-7.011-14.235-7.863-22.126l10.789-4.754c0.81 7.248 3.18 14.235 6.949 20.48 4.085 7.002 9.413 13.199 15.726 18.286 6.517 6.241 14.835 10.271 23.771 11.52 3.229 0.3 6.482-0.194 9.477-1.435 2.995-1.243 5.643-3.198 7.711-5.696 1.516-1.673 2.673-3.641 3.396-5.78 0.724-2.138 1-4.403 0.81-6.654-0.605-4.456-2.097-8.746-4.389-12.617-3.436-5.612-7.159-11.045-11.154-16.274-4.868-6.378-9.269-13.1-13.166-20.114-2.979-5.249-4.612-11.154-4.754-17.188-0.013-6.776 2.534-13.307 7.131-18.286 3.984-4.825 9.243-8.436 15.177-10.423 6.63-1.915 13.667-1.915 20.297 0 8.543 2.794 16.439 7.27 23.223 13.166 5.63 4.682 10.611 10.094 14.811 16.091 3.884 5.562 6.791 11.746 8.594 18.285l-10.423 5.486c-1.818-6.095-4.529-11.888-8.046-17.188-3.504-4.733-7.623-8.977-12.251-12.617-6.42-6.213-14.713-10.133-23.589-11.154-3.262-0.273-6.541 0.27-9.541 1.578-2.999 1.309-5.628 3.343-7.647 5.919-1.556 1.647-2.736 3.611-3.461 5.757s-0.98 4.424-0.744 6.677c0.428 4.611 1.931 9.058 4.389 12.982 2.56 4.206 6.217 9.691 11.154 16.274 4.895 6.232 9.296 12.835 13.166 19.749 3.043 5.233 4.74 11.14 4.937 17.189 0.013 6.777-2.534 13.308-7.131 18.286-3.999 4.891-9.337 8.514-15.36 10.423-6.618 1.999-13.68 1.999-20.297 0-8.602-2.785-16.56-7.261-23.406-13.166-7.382-6.424-13.572-14.1-18.286-22.674z",
          "M1169.006 259.109l-25.783-36.571 9.509-6.766 59.429 84.846-9.509 6.766-25.783-36.571-95.451 66.743-7.68-11.154 95.269-67.291z",
          "M1128.046 409.417c3.264-11.052 9.605-20.946 18.286-28.526 8.49-7.605 18.832-12.838 29.989-15.177 11.372-2.611 23.23-2.169 34.377 1.28 10.757 3.557 20.401 9.86 27.977 18.286 7.877 9.062 13.237 20.034 15.543 31.817 3.028 11.568 3.028 23.722 0 35.291-3.355 11.010-9.682 20.88-18.286 28.526-8.726 7.808-19.323 13.226-30.762 15.726s-23.331 1.995-34.518-1.463c-10.842-3.385-20.528-9.715-27.977-18.286-7.843-9.015-13.199-19.919-15.543-31.634-2.794-11.825-2.48-24.174 0.914-35.84zM1152 467.566c6.106 6.952 14.016 12.080 22.857 14.811 9.112 2.642 18.741 2.957 28.006 0.911 9.265-2.044 17.869-6.382 25.022-12.613 6.749-6.21 11.732-14.096 14.446-22.857 2.549-9.251 2.8-18.986 0.728-28.356s-6.402-18.090-12.613-25.404c-6.374-6.987-14.528-12.107-23.589-14.811-9.227-2.45-18.933-2.45-28.16 0-9.311 1.787-17.929 6.159-24.869 12.617-6.811 6.232-11.803 14.193-14.446 23.040-2.483 9.284-2.483 19.057 0 28.343 2.002 9.072 6.352 17.457 12.617 24.32z",
          "M1114.149 621.712l47.36-18.286c0-3.291 1.097-6.583 2.011-10.057l8.96-33.097-38.766-10.057 3.474-12.983 123.611 33.097-12.434 46.263c-2.801 13.499-10.322 25.558-21.211 34.011-5.005 3.474-10.745 5.745-16.772 6.634-6.027 0.887-12.178 0.369-17.971-1.514-8.825-1.915-16.731-6.78-22.416-13.795s-8.808-15.759-8.852-24.788l-50.469 18.286 3.474-13.714zM1175.406 626.832c2.141 3.886 5.047 7.298 8.543 10.033 3.494 2.734 7.506 4.734 11.792 5.879 4.288 1.143 8.763 1.41 13.155 0.781s8.613-2.139 12.407-4.442c8.071-6.482 13.579-15.62 15.543-25.783l8.777-32.914-61.989-16.64-8.777 32.914c-3.374 9.808-3.18 20.493 0.549 30.171z",
          "M1048.503 739.476l-9.326-7.131 54.857-72.229 102.034 77.349-53.029 70.034-9.326-7.131 44.8-59.063-36.571-27.611-40.046 52.846-9.143-6.949 40.96-52.846-37.851-28.709-47.36 61.44z",
          "M1005.714 885.21l-26.149 1.463v-8.777l26.149-0.183-14.080-21.76 7.131-4.571 13.897 21.943 11.337-24.503 7.863 4.206-12.434 23.040 26.149-1.463v8.96h-26.514l14.080 21.76-7.131 4.571-13.897-21.943-12.069 23.771-7.68-4.389 13.349-22.126z",
          "M768 870.581l22.126 12.251c3.708-7.126 8.887-13.385 15.19-18.364s13.59-8.567 21.381-10.527c7.267-2.266 14.91-3.074 22.491-2.377 6.577 0.505 12.895 2.779 18.286 6.583 4.871 3.674 8.457 8.794 10.24 14.629 2.203 7.219 1.816 14.98-1.097 21.943-4.588 9.461-10.774 18.059-18.286 25.417 6.029 3.24 11.621 7.234 16.64 11.886 3.449 3.564 6.016 7.885 7.497 12.617 0.936 3.69 0.995 7.547 0.17 11.264-0.827 3.716-2.512 7.184-4.924 10.13-4.882 7.035-12.165 12.041-20.48 14.080-7.301 2.785-15.373 2.785-22.674 0-3.248-1.397-6.126-3.527-8.41-6.223-2.286-2.697-3.913-5.888-4.756-9.32-1.918-6.036-1.459-12.575 1.28-18.286 4.197-8.313 9.691-15.905 16.274-22.491l-44.069-24.503c-1.682 8.611-2.052 17.426-1.097 26.149h-11.154c-0.752-10.741 0.488-21.528 3.657-31.817l-23.040-12.8 4.754-10.24zM799.817 888.867l48.457 26.88c6.351-6.064 11.608-13.179 15.543-21.029 2.010-5.301 2.010-11.154 0-16.457-0.83-3.167-2.434-6.080-4.668-8.474s-5.029-4.195-8.132-5.241c-7.592-2.564-15.815-2.564-23.406 0-6.204 1.637-11.972 4.613-16.901 8.72-4.928 4.107-8.896 9.245-11.624 15.051l0.731 0.549zM868.571 962.010c1.194-2.021 1.944-4.273 2.196-6.607 0.252-2.335 0.002-4.696-0.733-6.925-1.121-3.611-3.132-6.881-5.851-9.509-4.656-3.926-9.748-7.301-15.177-10.057-5.544 5.482-10.395 11.624-14.446 18.286-2.211 4.155-2.736 9-1.463 13.531 0.58 2.092 1.596 4.037 2.984 5.709 1.386 1.669 3.112 3.028 5.061 3.983 4.656 1.755 9.79 1.755 14.446 0 4.972-1.326 9.311-4.37 12.251-8.594l0.731 0.183z",
          "M545.097 1011.568l2.56-128h12.983l-2.011 102.4 51.931-85.211h6.4l48.64 86.674 1.829-101.851h12.983l-2.377 128h-11.154l-53.76-95.634-56.869 93.806-11.154-0.183z",
          "M481.463 877.716c8.362 7.969 14.345 18.105 17.284 29.277 2.939 11.171 2.715 22.939-0.644 33.991-3.004 11.317-9.006 21.614-17.371 29.806-8.13 7.991-18.324 13.563-29.44 16.091-11.727 2.646-23.934 2.267-35.474-1.097-11.502-2.809-22.084-8.541-30.72-16.64-8.238-7.868-14.126-17.871-17.006-28.891-2.812-11.392-2.604-23.322 0.602-34.609 3.207-11.288 9.302-21.544 17.684-29.756 7.985-7.971 17.962-13.654 28.891-16.457 11.666-2.639 23.812-2.26 35.291 1.097 11.621 2.946 22.272 8.87 30.903 17.189zM419.109 871.316c-8.945 2.083-17.121 6.645-23.589 13.166-6.736 6.709-11.536 15.111-13.897 24.32-2.551 9.152-2.551 18.825 0 27.977 2.156 8.903 6.784 17.017 13.349 23.406 6.885 6.733 15.386 11.582 24.686 14.080 9.298 2.368 19.043 2.368 28.343 0 8.951-2.202 17.156-6.746 23.771-13.166 6.7-6.736 11.494-15.128 13.897-24.32 2.556-9.212 2.556-18.948 0-28.16-2.341-8.87-7.013-16.951-13.531-23.406-6.921-6.742-15.501-11.536-24.869-13.897-9.214-2.547-18.946-2.547-28.16 0z",
          "M280.686 786.286l4.937 50.286c3.136 1.34 6.19 2.867 9.143 4.571l29.806 17.189 20.114-35.474 11.886 6.766-64 110.263-41.691-23.954c-12.323-6.19-22.045-16.56-27.429-29.257-1.988-5.72-2.659-11.814-1.962-17.83s2.743-11.796 5.985-16.912c4.25-8.013 10.988-14.431 19.2-18.286 8.338-3.454 17.563-4.158 26.331-2.011l-5.303-53.76 12.983 8.411zM259.84 844.069c-4.295 1.079-8.329 3.012-11.858 5.683-3.531 2.673-6.486 6.031-8.688 9.872-2.203 3.84-3.608 8.086-4.131 12.484-0.523 4.396-0.152 8.854 1.088 13.104 4.286 9.465 11.716 17.154 21.029 21.76l29.44 17.006 32-54.857-29.44-17.006c-8.463-6.34-18.88-9.51-29.44-8.96v0.914z",
          "M172.434 700.528l8.229-8.229 63.086 64.914-91.429 89.234-60.891-62.903 8.411-8.229 51.749 53.211 31.269-31.634-45.349-47.177 8.777-8.411 46.263 47.543 34.011-33.097-54.126-55.223z",
          "M36.571 628.663l4.389-25.234 8.594 1.28-4.937 25.966 24.32-8.96 2.926 8.046-24.686 8.411 20.297 17.189-5.851 6.583-19.566-18.286-4.571 25.966-8.777-1.646 5.12-25.966-24.503 8.777-2.743-7.131 24.503-8.594-20.297-17.006 6.034-6.583 19.749 17.189z"
        ],
        "attrs": [
          {},
          {},
          {},
          {},
          {},
          {},
          {},
          {},
          {},
          {},
          {},
          {},
          {},
          {},
          {},
          {},
          {},
          {},
          {},
          {},
          {},
          {}
        ],
        "width": 1262,
        "isMulticolor": false,
        "isMulticolor2": false,
        "grid": 0,
        "tags": [
          "Logo"
        ]
      },
      "attrs": [
        {},
        {},
        {},
        {},
        {},
        {},
        {},
        {},
        {},
        {},
        {},
        {},
        {},
        {},
        {},
        {},
        {},
        {},
        {},
        {},
        {},
        {}
      ],
      "properties": {
        "order": 46,
        "id": 0,
        "name": "Logo",
        "prevSize": 32
      },
      "setIdx": 4,
      "setId": 13,
      "iconIdx": 0
    },
    {
      "icon": {
        "paths": [
          "M1137.778 159.218c-42.308 18.56-87.398 30.862-134.4 36.836 48.356-28.871 85.265-74.24 102.61-128.924-45.079 26.88-94.857 45.867-147.911 56.462-42.809-45.582-103.822-73.813-170.382-73.813-129.132 0-233.099 104.818-233.099 233.316 0 18.489 1.564 36.267 5.404 53.191-193.92-9.458-365.511-102.4-480.782-243.982-20.124 34.916-31.929 74.88-31.929 117.902 0 80.782 41.6 152.391 103.609 193.849-37.476-0.711-74.24-11.591-105.387-28.729 0 0.711 0 1.636 0 2.56 0 113.351 80.853 207.502 186.88 229.188-18.987 5.194-39.68 7.68-61.156 7.68-14.933 0-30.009-0.848-44.16-3.982 30.222 92.376 115.982 160.29 217.956 162.492-79.36 62.083-180.124 99.482-289.209 99.482-19.129 0-37.476-0.848-55.822-3.197 103.324 66.634 225.778 104.676 357.831 104.676 429.227 0 663.893-355.556 663.893-663.751 0-10.311-0.353-20.267-0.853-30.151 46.296-32.853 85.191-73.884 116.907-121.102z"
        ],
        "attrs": [
          {}
        ],
        "width": 1138,
        "isMulticolor": false,
        "isMulticolor2": false,
        "grid": 0,
        "tags": [
          "twitter"
        ]
      },
      "attrs": [
        {}
      ],
      "properties": {
        "order": 57,
        "id": 3,
        "name": "twitter",
        "prevSize": 32
      },
      "setIdx": 5,
      "setId": 12,
      "iconIdx": 0
    },
    {
      "icon": {
        "paths": [
          "M426.539 170.026h93.484v-162.816c-16.13-2.219-71.596-7.211-136.194-7.211-134.784 0-227.114 84.778-227.114 240.598v143.402h-148.736v182.016h148.736v457.984h182.357v-457.943h142.72l22.656-182.014h-165.418v-125.397c0.042-52.608 14.208-88.619 87.51-88.619z"
        ],
        "attrs": [
          {}
        ],
        "width": 563,
        "isMulticolor": false,
        "isMulticolor2": false,
        "grid": 0,
        "tags": [
          "Vector"
        ]
      },
      "attrs": [
        {}
      ],
      "properties": {
        "order": 56,
        "id": 2,
        "name": "Vector",
        "prevSize": 32
      },
      "setIdx": 5,
      "setId": 12,
      "iconIdx": 1
    },
    {
      "icon": {
        "paths": [
          "M1023.744 1024v-0.041h0.256v-375.552c0-183.722-39.552-325.247-254.336-325.247-103.255 0-172.544 56.661-200.832 110.378h-2.985v-93.226h-203.65v683.647h212.051v-338.519c0-89.129 16.896-175.315 127.278-175.315 108.754 0 110.377 101.715 110.377 181.034v332.841h211.84z",
          "M16.896 340.35h212.309v683.65h-212.309v-683.65z",
          "M122.966 0c-67.883 0-122.966 55.082-122.966 122.966s55.082 124.117 122.966 124.117c67.882 0 122.965-56.234 122.965-124.117-0.042-67.883-55.125-122.966-122.965-122.966v0z"
        ],
        "attrs": [
          {},
          {},
          {}
        ],
        "isMulticolor": false,
        "isMulticolor2": false,
        "grid": 0,
        "tags": [
          "linkedin"
        ]
      },
      "attrs": [
        {},
        {},
        {}
      ],
      "properties": {
        "order": 45,
        "id": 1,
        "name": "linkedin",
        "prevSize": 32
      },
      "setIdx": 5,
      "setId": 12,
      "iconIdx": 2
    },
    {
      "icon": {
        "paths": [
          "M1022.996 301.059c-2.396-54.409-11.197-91.814-23.803-124.227-13-34.405-33.004-65.208-59.213-90.814-25.605-26.006-56.612-46.212-90.619-59.012-32.599-12.604-69.811-21.403-124.221-23.802-54.815-2.602-72.218-3.204-211.241-3.204-139.028 0-156.43 0.602-211.043 3.001-54.409 2.399-91.814 11.205-124.219 23.802-34.413 13.003-65.215 33.007-90.822 59.215-26.005 25.606-46.204 56.612-59.011 90.619-12.604 32.608-21.403 69.811-23.802 124.22-2.602 54.815-3.204 72.217-3.204 211.247 0 139.023 0.602 156.426 3.001 211.041 2.399 54.405 11.205 91.812 23.809 124.227 13.002 34.401 33.202 65.208 59.207 90.813 25.607 26.004 56.612 46.213 90.619 59.013 32.608 12.6 69.81 21.402 124.227 23.798 54.604 2.406 72.014 3 211.043 3 139.023 0 156.426-0.594 211.041-3 54.405-2.396 91.812-11.197 124.216-23.798 68.818-26.609 123.228-81.019 149.837-149.827 12.595-32.609 21.402-69.821 23.798-124.227 2.401-54.615 3-72.018 3-211.041 0-139.030-0.2-156.431-2.601-211.044zM930.785 719.14c-2.207 50.012-10.604 77.015-17.608 95.017-17.203 44.611-52.613 80.015-97.219 97.224-18.007 7.004-45.204 15.401-95.022 17.597-54.011 2.406-70.205 3-206.838 3-136.626 0-153.028-0.594-206.843-3-50.010-2.196-77.015-10.593-95.018-17.597-22.2-8.202-42.407-21.207-58.808-38.211-17.004-16.604-30.006-36.608-38.211-58.808-7.002-18.002-15.401-45.21-17.597-95.017-2.406-54.011-3-70.216-3-206.848 0-136.626 0.594-153.028 3-206.835 2.196-50.010 10.596-77.015 17.597-95.018 8.205-22.207 21.207-42.407 38.414-58.817 16.597-17.003 36.601-30.006 58.808-38.203 18.003-7.001 45.212-15.401 95.018-17.605 54.010-2.399 70.217-3.001 206.839-3.001 136.827 0 153.027 0.602 206.843 3.001 50.007 2.203 77.015 10.604 95.017 17.605 22.2 8.197 42.409 21.2 58.808 38.203 17.004 16.605 30.008 36.609 38.211 58.817 7.004 18.003 15.401 45.204 17.608 95.018 2.396 54.010 3 70.209 3 206.835 0 136.632-0.604 152.632-3 206.643z",
          "M513.9 249.047c-145.224 0-263.052 117.82-263.052 263.050 0 145.234 117.828 263.050 263.052 263.050 145.229 0 263.050-117.816 263.050-263.050 0-145.23-117.821-263.050-263.050-263.050zM513.9 682.732c-94.214 0-170.635-76.411-170.635-170.634 0-94.221 76.421-170.634 170.635-170.634 94.223 0 170.634 76.413 170.634 170.634 0 94.223-76.411 170.634-170.634 170.634z",
          "M848.768 238.648c0 33.913-27.494 61.41-61.42 61.41-33.91 0-61.409-27.497-61.409-61.41 0-33.921 27.5-61.411 61.409-61.411 33.925 0 61.42 27.49 61.42 61.411z"
        ],
        "attrs": [
          {},
          {},
          {}
        ],
        "isMulticolor": false,
        "isMulticolor2": false,
        "grid": 0,
        "tags": [
          "instagram"
        ]
      },
      "attrs": [
        {},
        {},
        {}
      ],
      "properties": {
        "order": 44,
        "id": 0,
        "name": "instagram",
        "prevSize": 32
      },
      "setIdx": 5,
      "setId": 12,
      "iconIdx": 3
    },
    {
      "icon": {
        "paths": [
          "M1006.037 101.322l-101.322-101.322-401.697 401.696-401.695-401.696-101.322 101.322 401.696 401.695-401.696 401.697 101.322 101.322 401.695-401.699 401.697 401.699 101.322-101.322-401.699-401.697 401.699-401.695z"
        ],
        "attrs": [
          {}
        ],
        "isMulticolor": false,
        "isMulticolor2": false,
        "grid": 0,
        "tags": [
          "close_24px"
        ]
      },
      "attrs": [
        {}
      ],
      "properties": {
        "order": 58,
        "id": 0,
        "name": "close_24px",
        "prevSize": 32
      },
      "setIdx": 6,
      "setId": 11,
      "iconIdx": 0
    },
    {
      "icon": {
        "paths": [
          "M431.111 575.111h-353.778v-158.223h353.778v-362.666h160v362.666h354.667v158.223h-354.667v360.888h-160v-360.888z"
        ],
        "attrs": [
          {
            "fill": "rgb(255, 108, 0)"
          }
        ],
        "isMulticolor": false,
        "isMulticolor2": false,
        "grid": 0,
        "tags": [
          "+"
        ],
        "colorPermutations": {
          "15716418911751771841255108012552552551": [
            {
              "f": 0
            }
          ]
        }
      },
      "attrs": [
        {
          "fill": "rgb(255, 108, 0)"
        }
      ],
      "properties": {
        "order": 41,
        "id": 21,
        "name": "untitled",
        "prevSize": 32
      },
      "setIdx": 9,
      "setId": 8,
      "iconIdx": 0
    },
    {
      "icon": {
        "paths": [
          "M505.856 365.568c65.536 3.072 82.432 58.88 83.456 84.992h91.648c-4.096-101.376-76.288-163.328-176.64-163.328-113.152 0-197.12 71.168-197.12 231.936 0 99.328 47.616 217.088 196.608 217.088 113.664 0 174.592-84.48 176.128-151.040h-91.648c-1.536 30.208-23.040 70.656-83.456 73.728-67.072-2.048-95.232-54.272-95.232-139.776 0-147.968 65.536-152.576 96.256-153.6zM512 0c-282.624 0-512 229.376-512 512s229.376 512 512 512c282.624 0 512-229.376 512-512s-229.376-512-512-512zM512 921.6c-225.792 0-409.6-183.808-409.6-409.6s183.808-409.6 409.6-409.6c225.792 0 409.6 183.808 409.6 409.6s-183.808 409.6-409.6 409.6z"
        ],
        "attrs": [
          {
            "fill": "rgb(157, 164, 189)"
          }
        ],
        "isMulticolor": false,
        "isMulticolor2": false,
        "grid": 0,
        "tags": [
          "Copyright"
        ]
      },
      "attrs": [
        {
          "fill": "rgb(157, 164, 189)"
        }
      ],
      "properties": {
        "order": 43,
        "id": 4,
        "name": "Copyright",
        "prevSize": 32
      },
      "setIdx": 10,
      "setId": 7,
      "iconIdx": 0
    },
    {
      "icon": {
        "paths": [
          "M853.333 442.18c0 244.365-341.333 453.82-341.333 453.82s-341.333-209.455-341.333-453.82c0-173.516 152.82-314.18 341.333-314.18s341.333 140.664 341.333 314.18v0z",
          "M512 597.333c70.694 0 128-57.306 128-128 0-70.692-57.306-128-128-128s-128 57.308-128 128c0 70.694 57.306 128 128 128z"
        ],
        "attrs": [
          {
            "fill": "none",
            "stroke": "rgb(157, 164, 189)",
            "strokeLinejoin": "round",
            "strokeLinecap": "round",
            "strokeMiterlimit": "4",
            "strokeWidth": 42.666666666666664
          },
          {
            "fill": "none",
            "stroke": "rgb(157, 164, 189)",
            "strokeLinejoin": "round",
            "strokeLinecap": "round",
            "strokeMiterlimit": "4",
            "strokeWidth": 42.666666666666664
          }
        ],
        "isMulticolor": false,
        "isMulticolor2": false,
        "grid": 0,
        "tags": [
          "map-pin"
        ],
        "colorPermutations": {
          "15716418912552552551": [
            {
              "s": 0
            },
            {
              "s": 0
            }
          ]
        }
      },
      "attrs": [
        {
          "fill": "none",
          "stroke": "rgb(157, 164, 189)",
          "strokeLinejoin": "round",
          "strokeLinecap": "round",
          "strokeMiterlimit": "4",
          "strokeWidth": 42.666666666666664
        },
        {
          "fill": "none",
          "stroke": "rgb(157, 164, 189)",
          "strokeLinejoin": "round",
          "strokeLinecap": "round",
          "strokeMiterlimit": "4",
          "strokeWidth": 42.666666666666664
        }
      ],
      "properties": {
        "order": 48,
        "id": 3,
        "name": "map-pin",
        "prevSize": 32
      },
      "setIdx": 12,
      "setId": 5,
      "iconIdx": 0
    },
    {
      "icon": {
        "paths": [
          "M204.8 213.333h614.4c42.24 0 76.8 33.6 76.8 74.667v448c0 41.067-34.56 74.667-76.8 74.667h-614.4c-42.24 0-76.8-33.6-76.8-74.667v-448c0-41.067 34.56-74.667 76.8-74.667z",
          "M853.333 298.667l-341.333 256-341.333-256"
        ],
        "attrs": [
          {
            "fill": "none",
            "stroke": "rgb(157, 164, 189)",
            "strokeLinejoin": "round",
            "strokeLinecap": "round",
            "strokeMiterlimit": "4",
            "strokeWidth": 42.666666666666664
          },
          {
            "fill": "none",
            "stroke": "rgb(157, 164, 189)",
            "strokeLinejoin": "round",
            "strokeLinecap": "round",
            "strokeMiterlimit": "4",
            "strokeWidth": 42.666666666666664
          }
        ],
        "isMulticolor": false,
        "isMulticolor2": false,
        "grid": 0,
        "tags": [
          "mail"
        ],
        "colorPermutations": {
          "15716418912552552551": [
            {
              "s": 0
            },
            {
              "s": 0
            }
          ]
        }
      },
      "attrs": [
        {
          "fill": "none",
          "stroke": "rgb(157, 164, 189)",
          "strokeLinejoin": "round",
          "strokeLinecap": "round",
          "strokeMiterlimit": "4",
          "strokeWidth": 42.666666666666664
        },
        {
          "fill": "none",
          "stroke": "rgb(157, 164, 189)",
          "strokeLinejoin": "round",
          "strokeLinecap": "round",
          "strokeMiterlimit": "4",
          "strokeWidth": 42.666666666666664
        }
      ],
      "properties": {
        "order": 47,
        "id": 2,
        "name": "mail",
        "prevSize": 32
      },
      "setIdx": 12,
      "setId": 5,
      "iconIdx": 1
    }
  ],
  "height": 1024,
  "preferences": {
    "showGlyphs": true,
    "showQuickUse": true,
    "showQuickUse2": true,
    "showSVGs": true,
    "fontPref": {
      "prefix": "icon-",
      "metadata": {
        "fontFamily": "icomoon"
      },
      "metrics": {
        "emSize": 1024,
        "baseline": 6.25,
        "whitespace": 50
      },
      "embed": false
    },
    "imagePref": {
      "prefix": "icon-",
      "png": true,
      "useClassSelector": true,
      "color": 0,
      "bgColor": 16777215,
      "classSelector": ".icon",
      "name": "icomoon"
    },
    "historySize": 50,
    "showCodes": true,
    "gridSize": 16
  }
}